clonal.label	library_preparation.label	label	description	differentiated_product_protocol_id	model_system	timepoint_value	timepoint_unit	final_timepoint	treatment_condition	wt_control_status	ko_strategy	ko_gene	condition	library_preparation.description	library_preparation.library_preparation_protocol_id	library_preparation.average_fragment_size	library_preparation.input_amount_value	library_preparation.input_amount_unit	library_preparation.concentration_value	library_preparation.concentration_unit	library_preparation.total_yield_value	library_preparation.total_yield_unit	library_preparation.cdna_pcr_cycles	library_preparation.pcr_cycles_for_indexing	file_id	run_id	clonal.description	clonal.parental_name	clonal.clone_id	clonal.type	clonal.zygosity	clonal.cell_line_generation_protocol	clonal.treatment_condition	clonal.wt_control_status	expression_alteration.label	model_organ
MOK20131_135-WT1	GT25-03671	MESO-MOK20131_135-WT1	KOLF2.2J differentiated to mesoderm	dx.doi.org/10.17504/protocols.io.bp2l68bmzgqe/v1	MESO	5	days	yes	Not applicable	WT	WT	WT	nor	Watchmaker RNA Library Prep Kit with Polaris™ Depletion of wildtype KOLF2.2J differentiated to mesoderm	dx.doi.org/10.17504/protocols.io.e6nvw43mwlmk/v1	458	100	ng	5.02	ng/uL	100.4	ng	0	12	CITED_HOXB8_WT1_GT25-03671_TTCGCAGTNNNNNNNNN-TCCGATCA_S35_L002	20250702_GT25-RobsonP-125	KOLF2.2J	KOLF2.2J	WT1	iPSC	Not applicable	Not applicable	Not applicable	WT	Not applicable	mesoderm
MOK20131_135-WT3	GT25-03672	MESO-MOK20131_135-WT3	KOLF2.2J differentiated to mesoderm	dx.doi.org/10.17504/protocols.io.bp2l68bmzgqe/v1	MESO	5	days	yes	Not applicable	WT	WT	WT	nor	Watchmaker RNA Library Prep Kit with Polaris™ Depletion of wildtype KOLF2.2J differentiated to mesoderm	dx.doi.org/10.17504/protocols.io.e6nvw43mwlmk/v1	481	100	ng	15	ng/uL	300	ng	0	12	CITED_HOXB8_WT3_GT25-03672_AGTCGCTTNNNNNNNNN-TCGAACCT_S13_L002	20250702_GT25-RobsonP-125	KOLF2.2J	KOLF2.2J	WT3	iPSC	Not applicable	Not applicable	Not applicable	WT	Not applicable	mesoderm
MOK20131_135-WT4	GT25-03673	MESO-MOK20131_135-WT4	KOLF2.2J differentiated to mesoderm	dx.doi.org/10.17504/protocols.io.bp2l68bmzgqe/v1	MESO	5	days	yes	Not applicable	WT	WT	WT	nor	Watchmaker RNA Library Prep Kit with Polaris™ Depletion of wildtype KOLF2.2J differentiated to mesoderm	dx.doi.org/10.17504/protocols.io.e6nvw43mwlmk/v1	480	100	ng	16.2	ng/uL	324	ng	0	12	CITED_HOXB8_WT4_GT25-03673_CGTATTCGNNNNNNNNN-TGTCGACT_S41_L002	20250702_GT25-RobsonP-125	KOLF2.2J	KOLF2.2J	WT4	iPSC	Not applicable	Not applicable	Not applicable	WT	Not applicable	mesoderm
MOK20131P-A07	GT25-03665	MESO-MOK20131P-A07	KOLF2.2J derived knockout cell line, CITED1 PTC, differentiated to mesoderm	dx.doi.org/10.17504/protocols.io.bp2l68bmzgqe/v1	MESO	5	days	yes	Not applicable	KO	PTC	CITED1	nor	Watchmaker RNA Library Prep Kit with Polaris™ Depletion of premature termination codon introduction to CITED in KOLF2.2J derived mesoderm	dx.doi.org/10.17504/protocols.io.e6nvw43mwlmk/v1	499	100	ng	8.16	ng/uL	163.2	ng	0	12	CITED_PTC_A07_GT25-03665_AACGACGTNNNNNNNNN-TCAATCCG_S14_L002	20250702_GT25-RobsonP-125	KOLF2.2J CITED1 null by insertion of a premature termination codon with frameshift (PTC+1)	KOLF2.2J	A07	iPSC	Not applicable	Not applicable	Not applicable	KO	JAX_CITED1_Termination_codon	mesoderm
MOK20131P-B08	GT25-03666	MESO-MOK20131P-B08	KOLF2.2J derived knockout cell line, CITED1 PTC, differentiated to mesoderm	dx.doi.org/10.17504/protocols.io.bp2l68bmzgqe/v1	MESO	5	days	yes	Not applicable	KO	PTC	CITED1	nor	Watchmaker RNA Library Prep Kit with Polaris™ Depletion of premature termination codon introduction to CITED in KOLF2.2J derived mesoderm	dx.doi.org/10.17504/protocols.io.e6nvw43mwlmk/v1	498	100	ng	4.34	ng/uL	86.8	ng	0	12	CITED_PTC_B08_GT25-03666_CTGAGATCNNNNNNNNN-AGGCAATG_S11_L001	20250724_GT25-RobsonP-125-run2	KOLF2.2J CITED1 null by insertion of a premature termination codon with frameshift (PTC+1)	KOLF2.2J	B08	iPSC	Not applicable	Not applicable	Not applicable	KO	JAX_CITED1_Termination_codon	mesoderm
MOK20131P-B09	GT25-03667	MESO-MOK20131P-B09	KOLF2.2J derived knockout cell line, CITED1 PTC, differentiated to mesoderm	dx.doi.org/10.17504/protocols.io.bp2l68bmzgqe/v1	MESO	5	days	yes	Not applicable	KO	PTC	CITED1	nor	Watchmaker RNA Library Prep Kit with Polaris™ Depletion of premature termination codon introduction to CITED in KOLF2.2J derived mesoderm	dx.doi.org/10.17504/protocols.io.e6nvw43mwlmk/v1	488	100	ng	10.8	ng/uL	216	ng	0	12	CITED_PTC_B09_GT25-03667_CACGTTGTNNNNNNNNN-ACACCTCA_S15_L002	20250702_GT25-RobsonP-125	KOLF2.2J CITED1 null by insertion of a premature termination codon with frameshift (PTC+1)	KOLF2.2J	B09	iPSC	Not applicable	Not applicable	Not applicable	KO	JAX_CITED1_Termination_codon	mesoderm
MOK20132_133-WT1	GT25-03662	ENDO-MOK20132_133-WT1	KOLF2.2J differentiated to endoderm	dx.doi.org/10.17504/protocols.io.14egn4zrpv5d/v1	ENDO	5	days	yes	Not applicable	WT	WT	WT	nor	Watchmaker RNA Library Prep Kit with Polaris™ Depletion of wildtype KOLF2.2J differentiated to endoderm	dx.doi.org/10.17504/protocols.io.e6nvw43mwlmk/v1	499	100	ng	6.84	ng/uL	136.8	ng	0	12	GATA6_GSC_WT1_GT25-03662_GTGCTTACNNNNNNNNN-TTCCTCCT_S24_L002	20250702_GT25-RobsonP-125	KOLF2.2J	KOLF2.2J	WT1	iPSC	Not applicable	Not applicable	Not applicable	WT	Not applicable	endoderm
MOK20132_133-WT3	GT25-03663	ENDO-MOK20132_133-WT3	KOLF2.2J differentiated to endoderm	dx.doi.org/10.17504/protocols.io.14egn4zrpv5d/v1	ENDO	5	days	yes	Not applicable	WT	WT	WT	nor	Watchmaker RNA Library Prep Kit with Polaris™ Depletion of wildtype KOLF2.2J differentiated to endoderm	dx.doi.org/10.17504/protocols.io.e6nvw43mwlmk/v1	510	100	ng	7.24	ng/uL	144.8	ng	0	12	GATA6_GSC_WT3_GT25-03663_CCGATGTANNNNNNNNN-CAACTTGG_S36_L002	20250702_GT25-RobsonP-125	KOLF2.2J	KOLF2.2J	WT3	iPSC	Not applicable	Not applicable	Not applicable	WT	Not applicable	endoderm
MOK20132_133-WT4	GT25-03664	ENDO-MOK20132_133-WT4	KOLF2.2J differentiated to endoderm	dx.doi.org/10.17504/protocols.io.14egn4zrpv5d/v1	ENDO	5	days	yes	Not applicable	WT	WT	WT	nor	Watchmaker RNA Library Prep Kit with Polaris™ Depletion of wildtype KOLF2.2J differentiated to endoderm	dx.doi.org/10.17504/protocols.io.e6nvw43mwlmk/v1	514	100	ng	8.94	ng/uL	178.8	ng	0	12	GATA6_GSC_WT4_GT25-03664_CGTTGAGTNNNNNNNNN-GCATAGTC_S5_L002	20250702_GT25-RobsonP-125	KOLF2.2J	KOLF2.2J	WT4	iPSC	Not applicable	Not applicable	Not applicable	WT	Not applicable	endoderm
MOK20132P-B11	GT25-03656	ENDO-MOK20132P-B11	KOLF2.2J derived knockout cell line, GATA6 PTC, differentiated to endoderm	dx.doi.org/10.17504/protocols.io.14egn4zrpv5d/v1	ENDO	5	days	yes	Not applicable	KO	PTC	GATA6	nor	Watchmaker RNA Library Prep Kit with Polaris™ Depletion of premature termination codon introduction to GATA6 in KOLF2.2J derived endoderm	dx.doi.org/10.17504/protocols.io.e6nvw43mwlmk/v1	501	100	ng	6.9	ng/uL	138	ng	0	12	GATA6_PTC_B11_GT25-03656_TTCCTGTGNNNNNNNNN-CTCCTGAA_S19_L002	20250702_GT25-RobsonP-125	KOLF2.2J GATA6 null by insertion of a premature termination codon with frameshift (PTC+1)	KOLF2.2J	B11	iPSC	Not applicable	Not applicable	Not applicable	KO	JAX_GATA6_Termination_codon	endoderm
MOK20132P-C10	GT25-03657	ENDO-MOK20132P-C10	KOLF2.2J derived knockout cell line, GATA6 PTC, differentiated to endoderm	dx.doi.org/10.17504/protocols.io.14egn4zrpv5d/v1	ENDO	5	days	yes	Not applicable	KO	PTC	GATA6	nor	Watchmaker RNA Library Prep Kit with Polaris™ Depletion of premature termination codon introduction to GATA6 in KOLF2.2J derived endoderm	dx.doi.org/10.17504/protocols.io.e6nvw43mwlmk/v1	491	100	ng	6.66	ng/uL	133.2	ng	0	12	GATA6_PTC_C10_GT25-03657_GTTGCGATNNNNNNNNN-GACTTGTG_S34_L002	20250702_GT25-RobsonP-125	KOLF2.2J GATA6 null by insertion of a premature termination codon with frameshift (PTC+1)	KOLF2.2J	C10	iPSC	Not applicable	Not applicable	Not applicable	KO	JAX_GATA6_Termination_codon	endoderm
MOK20132P-H10	GT25-03658	ENDO-MOK20132P-H10	KOLF2.2J derived knockout cell line, GATA6 PTC, differentiated to endoderm	dx.doi.org/10.17504/protocols.io.14egn4zrpv5d/v1	ENDO	5	days	yes	Not applicable	KO	PTC	GATA6	nor	Watchmaker RNA Library Prep Kit with Polaris™ Depletion of premature termination codon introduction to GATA6 in KOLF2.2J derived endoderm	dx.doi.org/10.17504/protocols.io.e6nvw43mwlmk/v1	483	100	ng	7.32	ng/uL	146.4	ng	0	12	GATA6_PTC_H10_GT25-03658_GCCACTTANNNNNNNNN-GAGTAGAG_S9_L002	20250702_GT25-RobsonP-125	KOLF2.2J GATA6 null by insertion of a premature termination codon with frameshift (PTC+1)	KOLF2.2J	H10	iPSC	Not applicable	Not applicable	Not applicable	KO	JAX_GATA6_Termination_codon	endoderm
MOK20133P-A07	GT25-03659	ENDO-MOK20133P-A07	KOLF2.2J derived knockout cell line, GSC PTC, differentiated to endoderm	dx.doi.org/10.17504/protocols.io.14egn4zrpv5d/v1	ENDO	5	days	yes	Not applicable	KO	PTC	GSC	nor	Watchmaker RNA Library Prep Kit with Polaris™ Depletion of premature termination codon introduction to GSC in KOLF2.2J derived endoderm	dx.doi.org/10.17504/protocols.io.e6nvw43mwlmk/v1	498	100	ng	8.48	ng/uL	169.6	ng	0	12	GSC_PTC_A07_GT25-03659_AAGTCGAGNNNNNNNNN-CGCAATGT_S23_L002	20250702_GT25-RobsonP-125	KOLF2.2J GSC null by insertion of a premature termination codon with frameshift (PTC+1)	KOLF2.2J	A07	iPSC	Not applicable	Not applicable	Not applicable	KO	JAX_GSC_Termination_codon	endoderm
MOK20133P-C08	GT25-03660	ENDO-MOK20133P-C08	KOLF2.2J derived knockout cell line, GSC PTC, differentiated to endoderm	dx.doi.org/10.17504/protocols.io.14egn4zrpv5d/v1	ENDO	5	days	yes	Not applicable	KO	PTC	GSC	nor	Watchmaker RNA Library Prep Kit with Polaris™ Depletion of premature termination codon introduction to GSC in KOLF2.2J derived endoderm	dx.doi.org/10.17504/protocols.io.e6nvw43mwlmk/v1	476	100	ng	2.9	ng/uL	58	ng	0	12	GSC_PTC_C08_GT25-03660_TAGACGTGNNNNNNNNN-CTCACCAA_S32_L002	20250702_GT25-RobsonP-125	KOLF2.2J GSC null by insertion of a premature termination codon with frameshift (PTC+1)	KOLF2.2J	C08	iPSC	Not applicable	Not applicable	Not applicable	KO	JAX_GSC_Termination_codon	endoderm
MOK20133P-H07	GT25-03661	ENDO-MOK20133P-H07	KOLF2.2J derived knockout cell line, GSC PTC, differentiated to endoderm	dx.doi.org/10.17504/protocols.io.14egn4zrpv5d/v1	ENDO	5	days	yes	Not applicable	KO	PTC	GSC	nor	Watchmaker RNA Library Prep Kit with Polaris™ Depletion of premature termination codon introduction to GSC in KOLF2.2J derived endoderm	dx.doi.org/10.17504/protocols.io.e6nvw43mwlmk/v1	499	100	ng	8.4	ng/uL	168	ng	0	12	GSC_PTC_H07_GT25-03661_TGACTTCGNNNNNNNNN-CTTAGGAC_S10_L002	20250702_GT25-RobsonP-125	KOLF2.2J GSC null by insertion of a premature termination codon with frameshift (PTC+1)	KOLF2.2J	H07	iPSC	Not applicable	Not applicable	Not applicable	KO	JAX_GSC_Termination_codon	endoderm
MOK20134_142_145-WT1	GT25-03653	MESO-MOK20134_142_145-WT1	KOLF2.2J differentiated to mesoderm	dx.doi.org/10.17504/protocols.io.bp2l68bmzgqe/v1	MESO	5	days	yes	Not applicable	WT	WT	WT	nor	Watchmaker RNA Library Prep Kit with Polaris™ Depletion of wildtype KOLF2.2J differentiated to mesoderm	dx.doi.org/10.17504/protocols.io.e6nvw43mwlmk/v1	514	100	ng	10.4	ng/uL	208	ng	0	12	HES6_SP5_TBXT_WT1_GT25-03653_GTGTCTGANNNNNNNNN-ATAGTCGG_S8_L002	20250702_GT25-RobsonP-125	KOLF2.2J	KOLF2.2J	WT1	iPSC	Not applicable	Not applicable	Not applicable	WT	Not applicable	mesoderm
MOK20134_142_145-WT2	GT25-03654	MESO-MOK20134_142_145-WT2	KOLF2.2J differentiated to mesoderm	dx.doi.org/10.17504/protocols.io.bp2l68bmzgqe/v1	MESO	5	days	yes	Not applicable	WT	WT	WT	nor	Watchmaker RNA Library Prep Kit with Polaris™ Depletion of wildtype KOLF2.2J differentiated to mesoderm	dx.doi.org/10.17504/protocols.io.e6nvw43mwlmk/v1	506	100	ng	10.2	ng/uL	204	ng	0	12	HES6_SP5_TBXT_WT2_GT25-03654_GTGGTGTTNNNNNNNNN-GCTGTAAG_S31_L002	20250702_GT25-RobsonP-125	KOLF2.2J	KOLF2.2J	WT2	iPSC	Not applicable	Not applicable	Not applicable	WT	Not applicable	mesoderm
MOK20134_142_145-WT3	GT25-03655	MESO-MOK20134_142_145-WT3	KOLF2.2J differentiated to mesoderm	dx.doi.org/10.17504/protocols.io.bp2l68bmzgqe/v1	MESO	5	days	yes	Not applicable	WT	WT	WT	nor	Watchmaker RNA Library Prep Kit with Polaris™ Depletion of wildtype KOLF2.2J differentiated to mesoderm	dx.doi.org/10.17504/protocols.io.e6nvw43mwlmk/v1	500	100	ng	8.54	ng/uL	170.8	ng	0	12	HES6_SP5_TBXT_WT3_GT25-03655_TGACGCATNNNNNNNNN-TCAGTAGG_S40_L002	20250702_GT25-RobsonP-125	KOLF2.2J	KOLF2.2J	WT3	iPSC	Not applicable	Not applicable	Not applicable	WT	Not applicable	mesoderm
MOK20134W-B04	GT25-03644	MESO-MOK20134W-B04	KOLF2.2J derived knockout cell line, HES6 KO, differentiated to mesoderm	dx.doi.org/10.17504/protocols.io.bp2l68bmzgqe/v1	MESO	5	days	yes	Not applicable	KO	KO	HES6	nor	Watchmaker RNA Library Prep Kit with Polaris™ Depletion of full coding region to HES6 in KOLF2.2J derived mesoderm	dx.doi.org/10.17504/protocols.io.e6nvw43mwlmk/v1	503	100	ng	9.6	ng/uL	192	ng	0	12	HES6_KO_B04_GT25-03644_TAGAGCTCNNNNNNNNN-AGAAGCCT_S43_L002	20250702_GT25-RobsonP-125	KOLF2.2J HES6 null by deletion of full coding region (KO)	KOLF2.2J	B04	iPSC	Not applicable	Not applicable	Not applicable	KO	JAX_HES6 _Full_coding_length	mesoderm
MOK20134W-F04	GT25-03645	MESO-MOK20134W-F04	KOLF2.2J derived knockout cell line, HES6 KO, differentiated to mesoderm	dx.doi.org/10.17504/protocols.io.bp2l68bmzgqe/v1	MESO	5	days	yes	Not applicable	KO	KO	HES6	nor	Watchmaker RNA Library Prep Kit with Polaris™ Depletion of full coding region to HES6 in KOLF2.2J derived mesoderm	dx.doi.org/10.17504/protocols.io.e6nvw43mwlmk/v1	504	100	ng	10.3	ng/uL	206	ng	0	12	HES6_KO_F04_GT25-03645_AGTTACGGNNNNNNNNN-GAGACCAA_S44_L002	20250702_GT25-RobsonP-125	KOLF2.2J HES6 null by deletion of full coding region (KO)	KOLF2.2J	F04	iPSC	Not applicable	Not applicable	Not applicable	KO	JAX_HES6 _Full_coding_length	mesoderm
MOK20134W-G04	GT25-03646	MESO-MOK20134W-G04	KOLF2.2J derived knockout cell line, HES6 KO, differentiated to mesoderm	dx.doi.org/10.17504/protocols.io.bp2l68bmzgqe/v1	MESO	5	days	yes	Not applicable	KO	KO	HES6	nor	Watchmaker RNA Library Prep Kit with Polaris™ Depletion of full coding region to HES6 in KOLF2.2J derived mesoderm	dx.doi.org/10.17504/protocols.io.e6nvw43mwlmk/v1	490	100	ng	8.78	ng/uL	175.6	ng	0	12	HES6_KO_G04_GT25-03646_GCTGACTANNNNNNNNN-GACATCTC_S29_L002	20250702_GT25-RobsonP-125	KOLF2.2J HES6 null by deletion of full coding region (KO)	KOLF2.2J	G04	iPSC	Not applicable	Not applicable	Not applicable	KO	JAX_HES6 _Full_coding_length	mesoderm
MOK20135P-B01	GT25-03668	MESO-MOK20135P-B01	KOLF2.2J derived knockout cell line, HOXB8 PTC, differentiated to mesoderm	dx.doi.org/10.17504/protocols.io.bp2l68bmzgqe/v1	MESO	5	days	yes	Not applicable	KO	PTC	HOXB8	nor	Watchmaker RNA Library Prep Kit with Polaris™ Depletion of premature termination codon introduction to HOXB8 in KOLF2.2J derived mesoderm	dx.doi.org/10.17504/protocols.io.e6nvw43mwlmk/v1	508	100	ng	6.38	ng/uL	127.6	ng	0	12	HOXB8_PTC_B01_GT25-03668_CCGGAATTNNNNNNNNN-ACCGAATG_S6_L002	20250702_GT25-RobsonP-125	KOLF2.2J HOXB8 null by insertion of a premature termination codon with frameshift (PTC+1)	KOLF2.2J	B01	iPSC	Not applicable	Not applicable	Not applicable	KO	JAX_HOXB8_Termination_codon	mesoderm
MOK20135P-E02	GT25-03669	MESO-MOK20135P-E02	KOLF2.2J derived knockout cell line, HOXB8 PTC, differentiated to mesoderm	dx.doi.org/10.17504/protocols.io.bp2l68bmzgqe/v1	MESO	5	days	yes	Not applicable	KO	PTC	HOXB8	nor	Watchmaker RNA Library Prep Kit with Polaris™ Depletion of premature termination codon introduction to HOXB8 in KOLF2.2J derived mesoderm	dx.doi.org/10.17504/protocols.io.e6nvw43mwlmk/v1	488	100	ng	14.5	ng/uL	290	ng	0	12	HOXB8_PTC_E02_GT25-03669_TGGATCACNNNNNNNNN-GCATTGGT_S11_L002	20250702_GT25-RobsonP-125	KOLF2.2J HOXB8 null by insertion of a premature termination codon with frameshift (PTC+1)	KOLF2.2J	E02	iPSC	Not applicable	Not applicable	Not applicable	KO	JAX_HOXB8_Termination_codon	mesoderm
MOK20135P-F02	GT25-03670	MESO-MOK20135P-F02	KOLF2.2J derived knockout cell line, HOXB8 PTC, differentiated to mesoderm	dx.doi.org/10.17504/protocols.io.bp2l68bmzgqe/v1	MESO	5	days	yes	Not applicable	KO	PTC	HOXB8	nor	Watchmaker RNA Library Prep Kit with Polaris™ Depletion of premature termination codon introduction to HOXB8 in KOLF2.2J derived mesoderm	dx.doi.org/10.17504/protocols.io.e6nvw43mwlmk/v1	482	100	ng	12	ng/uL	240	ng	0	12	HOXB8_PTC_F02_GT25-03670_TCAAGGACNNNNNNNNN-CATTCGTC_S22_L002	20250702_GT25-RobsonP-125	KOLF2.2J HOXB8 null by insertion of a premature termination codon with frameshift (PTC+1)	KOLF2.2J	F02	iPSC	Not applicable	Not applicable	Not applicable	KO	JAX_HOXB8_Termination_codon	mesoderm
MOK20136-141-WT1	GT25-03641	ENDO-MOK20136-141-WT1	KOLF2.2J differentiated to endoderm	dx.doi.org/10.17504/protocols.io.14egn4zrpv5d/v1	ENDO	5	days	yes	Not applicable	WT	WT	WT	nor	Watchmaker RNA Library Prep Kit with Polaris™ Depletion of wildtype KOLF2.2J differentiated to endoderm	dx.doi.org/10.17504/protocols.io.e6nvw43mwlmk/v1	485	100	ng	7.24	ng/uL	144.8	ng	0	12	LHX1_SOX17_WT1_GT25-03641_CTGTGTTGNNNNNNNNN-TAGGAGCT_S216_L007	20250702_GT25-RobsonP-125	KOLF2.2J	KOLF2.2J	WT1	iPSC	Not applicable	Not applicable	Not applicable	WT	Not applicable	endoderm
MOK20136-141-WT2	GT25-03642	ENDO-MOK20136-141-WT2	KOLF2.2J differentiated to endoderm	dx.doi.org/10.17504/protocols.io.14egn4zrpv5d/v1	ENDO	5	days	yes	Not applicable	WT	WT	WT	nor	Watchmaker RNA Library Prep Kit with Polaris™ Depletion of wildtype KOLF2.2J differentiated to endoderm	dx.doi.org/10.17504/protocols.io.e6nvw43mwlmk/v1	416	100	ng	1.03	ng/uL	20.6	ng	0	12	LHX1_SOX17_WT2_GT25-03642_GATCCATGNNNNNNNNN-CAACTCCA_S217_L007	20250702_GT25-RobsonP-125	KOLF2.2J	KOLF2.2J	WT2	iPSC	Not applicable	Not applicable	Not applicable	WT	Not applicable	endoderm
MOK20136-141-WT4	GT25-03643	ENDO-MOK20136-141-WT4	KOLF2.2J differentiated to endoderm	dx.doi.org/10.17504/protocols.io.14egn4zrpv5d/v1	ENDO	5	days	yes	Not applicable	WT	WT	WT	nor	Watchmaker RNA Library Prep Kit with Polaris™ Depletion of wildtype KOLF2.2J differentiated to endoderm	dx.doi.org/10.17504/protocols.io.e6nvw43mwlmk/v1	481	100	ng	7.34	ng/uL	146.8	ng	0	12	LHX1_SOX17_WT4_GT25-03643_CTCATCAGNNNNNNNNN-TACTAGCG_S30_L002	20250702_GT25-RobsonP-125	KOLF2.2J	KOLF2.2J	WT4	iPSC	Not applicable	Not applicable	Not applicable	WT	Not applicable	endoderm
MOK20136P-C05	GT25-03635	ENDO-MOK20136P-C05	KOLF2.2J derived knockout cell line, LHX1 PTC, differentiated to endoderm	dx.doi.org/10.17504/protocols.io.14egn4zrpv5d/v1	ENDO	5	days	yes	Not applicable	KO	PTC	LHX1	nor	Watchmaker RNA Library Prep Kit with Polaris™ Depletion of premature termination codon introduction to LHX1 in KOLF2.2J derived endoderm	dx.doi.org/10.17504/protocols.io.e6nvw43mwlmk/v1	501	100	ng	6.9	ng/uL	138	ng	0	12	LHX1_PTC_C05_GT25-03635_AGTCTCACNNNNNNNNN-CGTCCATT_S144_L005	20250702_GT25-RobsonP-125	KOLF2.2J LHX1 null by insertion of a premature termination codon with frameshift (PTC+1)	KOLF2.2J	C05	iPSC	Not applicable	Not applicable	Not applicable	KO	JAX_LHX1_Termination_codon	endoderm
MOK20136P-D05	GT25-03636	ENDO-MOK20136P-D05	KOLF2.2J derived knockout cell line, LHX1 PTC, differentiated to endoderm	dx.doi.org/10.17504/protocols.io.14egn4zrpv5d/v1	ENDO	5	days	yes	Not applicable	KO	PTC	LHX1	nor	Watchmaker RNA Library Prep Kit with Polaris™ Depletion of premature termination codon introduction to LHX1 in KOLF2.2J derived endoderm	dx.doi.org/10.17504/protocols.io.e6nvw43mwlmk/v1	493	100	ng	10.2	ng/uL	204	ng	0	12	LHX1_PTC_D05_GT25-03636_TCCGTGAANNNNNNNNN-CACGATTC_S147_L005	20250702_GT25-RobsonP-125	KOLF2.2J LHX1 null by insertion of a premature termination codon with frameshift (PTC+1)	KOLF2.2J	D05	iPSC	Not applicable	Not applicable	Not applicable	KO	JAX_LHX1_Termination_codon	endoderm
MOK20136P-H04	GT25-03637	ENDO-MOK20136P-H04	KOLF2.2J derived knockout cell line, LHX1 PTC, differentiated to endoderm	dx.doi.org/10.17504/protocols.io.14egn4zrpv5d/v1	ENDO	5	days	yes	Not applicable	KO	PTC	LHX1	nor	Watchmaker RNA Library Prep Kit with Polaris™ Depletion of premature termination codon introduction to LHX1 in KOLF2.2J derived endoderm	dx.doi.org/10.17504/protocols.io.e6nvw43mwlmk/v1	490	100	ng	7.94	ng/uL	158.8	ng	0	12	LHX1_PTC_H04_GT25-03637_ATCTCGCTNNNNNNNNN-AACAAGGC_S146_L005	20250702_GT25-RobsonP-125	KOLF2.2J LHX1 null by insertion of a premature termination codon with frameshift (PTC+1)	KOLF2.2J	H04	iPSC	Not applicable	Not applicable	Not applicable	KO	JAX_LHX1_Termination_codon	endoderm
MOK20138-WT1	GT25-11014	MESO-MOK20138-WT1	KOLF2.2J differentiated to mesoderm	dx.doi.org/10.17504/protocols.io.bp2l68bmzgqe/v1	MESO	5	days	yes	Not applicable	WT	WT	WT	nor	Watchmaker RNA Library Prep Kit with Polaris™ Depletion of wildtype KOLF2.2J differentiated to mesoderm	dx.doi.org/10.17504/protocols.io.e6nvw43mwlmk/v1	482	100	ng	6.56	ng/uL	131.2	ng	0	12	MSX1_MESO_WT1_GT25-11014_TAGACGTGNNNNNNNNN-CTCACCAA_S11_L001	20251124_GT25-RobsonP-323	KOLF2.2J	KOLF2.2J	WT1	iPSC	Not applicable	Not applicable	Not applicable	WT	Not applicable	mesoderm
MOK20138-WT2	GT25-11015	MESO-MOK20138-WT2	KOLF2.2J differentiated to mesoderm	dx.doi.org/10.17504/protocols.io.bp2l68bmzgqe/v1	MESO	5	days	yes	Not applicable	WT	WT	WT	nor	Watchmaker RNA Library Prep Kit with Polaris™ Depletion of wildtype KOLF2.2J differentiated to mesoderm	dx.doi.org/10.17504/protocols.io.e6nvw43mwlmk/v1	492	100	ng	8.66	ng/uL	173.2	ng	0	12	MSX1_MESO_WT2_GT25-11015_TGACTTCGNNNNNNNNN-CTTAGGAC_S29_L001	20251124_GT25-RobsonP-323	KOLF2.2J	KOLF2.2J	WT2	iPSC	Not applicable	Not applicable	Not applicable	WT	Not applicable	mesoderm
MOK20138-WT3	GT25-11016	MESO-MOK20138-WT3	KOLF2.2J differentiated to mesoderm	dx.doi.org/10.17504/protocols.io.bp2l68bmzgqe/v1	MESO	5	days	yes	Not applicable	WT	WT	WT	nor	Watchmaker RNA Library Prep Kit with Polaris™ Depletion of wildtype KOLF2.2J differentiated to mesoderm	dx.doi.org/10.17504/protocols.io.e6nvw43mwlmk/v1	478	100	ng	5.06	ng/uL	101.2	ng	0	12	MSX1_MESO_WT3_GT25-11016_GTGCTTACNNNNNNNNN-TTCCTCCT_S10_L001	20251124_GT25-RobsonP-323	KOLF2.2J	KOLF2.2J	WT3	iPSC	Not applicable	Not applicable	Not applicable	WT	Not applicable	mesoderm
MOK20138W-A05	GT25-11011	MESO-MOK20138W-A05	KOLF2.2J derived knockout cell line, MSX1 KO, differentiated to mesoderm	dx.doi.org/10.17504/protocols.io.bp2l68bmzgqe/v1	MESO	5	days	yes	Not applicable	KO	KO	MSX1	nor	Watchmaker RNA Library Prep Kit with Polaris™ Depletion of full coding region to MSX1 in KOLF2.2J derived mesoderm	dx.doi.org/10.17504/protocols.io.e6nvw43mwlmk/v1	491	100	ng	8.24	ng/uL	164.8	ng	0	12	MSX1_KO_A5_GT25-11011_GTTGCGATNNNNNNNNN-GACTTGTG_S25_L001	20251124_GT25-RobsonP-323	KOLF2.2J MSX1 null by deletion of full coding region (KO)	KOLF2.2J	A05	iPSC	Not applicable	Not applicable	Not applicable	KO	JAX_MSX1 _Full_coding_length	mesoderm
MOK20138W-B01	GT25-11012	MESO-MOK20138W-B01	KOLF2.2J derived knockout cell line, MSX1 KO, differentiated to mesoderm	dx.doi.org/10.17504/protocols.io.bp2l68bmzgqe/v1	MESO	5	days	yes	Not applicable	KO	KO	MSX1	nor	Watchmaker RNA Library Prep Kit with Polaris™ Depletion of full coding region to MSX1 in KOLF2.2J derived mesoderm	dx.doi.org/10.17504/protocols.io.e6nvw43mwlmk/v1	433	100	ng	6.6	ng/uL	132	ng	0	12	MSX1_KO_B1_GT25-11012_GCCACTTANNNNNNNNN-GAGTAGAG_S14_L001	20251124_GT25-RobsonP-323	KOLF2.2J MSX1 null by deletion of full coding region (KO)	KOLF2.2J	B01	iPSC	Not applicable	Not applicable	Not applicable	KO	JAX_MSX1 _Full_coding_length	mesoderm
MOK20138W-B04	GT25-11013	MESO-MOK20138W-B04	KOLF2.2J derived knockout cell line, MSX1 KO, differentiated to mesoderm	dx.doi.org/10.17504/protocols.io.bp2l68bmzgqe/v1	MESO	5	days	yes	Not applicable	KO	KO	MSX1	nor	Watchmaker RNA Library Prep Kit with Polaris™ Depletion of full coding region to MSX1 in KOLF2.2J derived mesoderm	dx.doi.org/10.17504/protocols.io.e6nvw43mwlmk/v1	488	100	ng	8.32	ng/uL	166.4	ng	0	12	MSX1_KO_B4_GT25-11013_AAGTCGAGNNNNNNNNN-CGCAATGT_S28_L001	20251124_GT25-RobsonP-323	KOLF2.2J MSX1 null by deletion of full coding region (KO)	KOLF2.2J	B04	iPSC	Not applicable	Not applicable	Not applicable	KO	JAX_MSX1 _Full_coding_length	mesoderm
MOK20141P-A07	GT25-03638	ENDO-MOK20141P-A07	KOLF2.2J derived knockout cell line, SOX17 PTC, differentiated to endoderm	dx.doi.org/10.17504/protocols.io.14egn4zrpv5d/v1	ENDO	5	days	yes	Not applicable	KO	PTC	SOX17	nor	Watchmaker RNA Library Prep Kit with Polaris™ Depletion of premature termination codon introduction to SOX17 in KOLF2.2J derived endoderm	dx.doi.org/10.17504/protocols.io.e6nvw43mwlmk/v1	497	100	ng	7.1	ng/uL	142	ng	0	12	SOX17_PTC_A07_GT25-03638_TGCGAACTNNNNNNNNN-CAACCGTA_S145_L005	20250702_GT25-RobsonP-125	KOLF2.2J SOX17 null by insertion of a premature termination codon with frameshift (PTC+1)	KOLF2.2J	A07	iPSC	Not applicable	Not applicable	Not applicable	KO	JAX_SOX17_Termination_codon	endoderm
MOK20141P-D07	GT25-03639	ENDO-MOK20141P-D07	KOLF2.2J derived knockout cell line, SOX17 PTC, differentiated to endoderm	dx.doi.org/10.17504/protocols.io.14egn4zrpv5d/v1	ENDO	5	days	yes	Not applicable	KO	PTC	SOX17	nor	Watchmaker RNA Library Prep Kit with Polaris™ Depletion of premature termination codon introduction to SOX17 in KOLF2.2J derived endoderm	dx.doi.org/10.17504/protocols.io.e6nvw43mwlmk/v1	497	100	ng	6.9	ng/uL	138	ng	0	12	SOX17_PTC_D07_GT25-03639_CGTGATCANNNNNNNNN-GAATGGCA_S214_L007	20250702_GT25-RobsonP-125	KOLF2.2J SOX17 null by insertion of a premature termination codon with frameshift (PTC+1)	KOLF2.2J	D07	iPSC	Not applicable	Not applicable	Not applicable	KO	JAX_SOX17_Termination_codon	endoderm
MOK20141P-H07	GT25-03640	ENDO-MOK20141P-H07	KOLF2.2J derived knockout cell line, SOX17 PTC, differentiated to endoderm	dx.doi.org/10.17504/protocols.io.14egn4zrpv5d/v1	ENDO	5	days	yes	Not applicable	KO	PTC	SOX17	nor	Watchmaker RNA Library Prep Kit with Polaris™ Depletion of premature termination codon introduction to SOX17 in KOLF2.2J derived endoderm	dx.doi.org/10.17504/protocols.io.e6nvw43mwlmk/v1	503	100	ng	4.76	ng/uL	95.2	ng	0	12	SOX17_PTC_H07_GT25-03640_TAACGAGGNNNNNNNNN-TAGTCTCG_S215_L007	20250702_GT25-RobsonP-125	KOLF2.2J SOX17 null by insertion of a premature termination codon with frameshift (PTC+1)	KOLF2.2J	H07	iPSC	Not applicable	Not applicable	Not applicable	KO	JAX_SOX17_Termination_codon	endoderm
MOK20142P-A10	GT25-03647	MESO-MOK20142P-A10	KOLF2.2J derived knockout cell line, SP5 PTC, differentiated to mesoderm	dx.doi.org/10.17504/protocols.io.bp2l68bmzgqe/v1	MESO	5	days	yes	Not applicable	KO	PTC	SP5	nor	Watchmaker RNA Library Prep Kit with Polaris™ Depletion of premature termination codon introduction to SP5 in KOLF2.2J derived mesoderm	dx.doi.org/10.17504/protocols.io.e6nvw43mwlmk/v1	499	100	ng	8.46	ng/uL	169.2	ng	0	12	SP5_PTC_A10_GT25-03647_TCGCATTGNNNNNNNNN-ACAGCAAG_S7_L002	20250702_GT25-RobsonP-125	KOLF2.2J SP5 null by insertion of a premature termination codon with frameshift (PTC+1)	KOLF2.2J	A10	iPSC	Not applicable	Not applicable	Not applicable	KO	JAX_SP5_Termination_codon	mesoderm
MOK20142P-D11	GT25-03648	MESO-MOK20142P-D11	KOLF2.2J derived knockout cell line, SP5 PTC, differentiated to mesoderm	dx.doi.org/10.17504/protocols.io.bp2l68bmzgqe/v1	MESO	5	days	yes	Not applicable	KO	PTC	SP5	nor	Watchmaker RNA Library Prep Kit with Polaris™ Depletion of premature termination codon introduction to SP5 in KOLF2.2J derived mesoderm	dx.doi.org/10.17504/protocols.io.e6nvw43mwlmk/v1	508	100	ng	13	ng/uL	260	ng	0	12	SP5_PTC_D11_GT25-03648_TCGTCTCANNNNNNNNN-AACGCACA_S18_L002	20250702_GT25-RobsonP-125	KOLF2.2J SP5 null by insertion of a premature termination codon with frameshift (PTC+1)	KOLF2.2J	D11	iPSC	Not applicable	Not applicable	Not applicable	KO	JAX_SP5_Termination_codon	mesoderm
MOK20142P-H10	GT25-03649	MESO-MOK20142P-H10	KOLF2.2J derived knockout cell line, SP5 PTC, differentiated to mesoderm	dx.doi.org/10.17504/protocols.io.bp2l68bmzgqe/v1	MESO	5	days	yes	Not applicable	KO	PTC	SP5	nor	Watchmaker RNA Library Prep Kit with Polaris™ Depletion of premature termination codon introduction to SP5 in KOLF2.2J derived mesoderm	dx.doi.org/10.17504/protocols.io.e6nvw43mwlmk/v1	477	100	ng	6.74	ng/uL	134.8	ng	0	12	SP5_PTC_H10_GT25-03649_AACGTGGANNNNNNNNN-CCGATGTA_S27_L002	20250702_GT25-RobsonP-125	KOLF2.2J SP5 null by insertion of a premature termination codon with frameshift (PTC+1)	KOLF2.2J	H10	iPSC	Not applicable	Not applicable	Not applicable	KO	JAX_SP5_Termination_codon	mesoderm
MOK20145P-C01	GT25-03650	MESO-MOK20145P-C01	KOLF2.2J derived knockout cell line, TBXT PTC, differentiated to mesoderm	dx.doi.org/10.17504/protocols.io.bp2l68bmzgqe/v1	MESO	5	days	yes	Not applicable	KO	PTC	TBXT	nor	Watchmaker RNA Library Prep Kit with Polaris™ Depletion of premature termination codon introduction to TBXT in KOLF2.2J derived mesoderm	dx.doi.org/10.17504/protocols.io.e6nvw43mwlmk/v1	492	100	ng	9.18	ng/uL	183.6	ng	0	12	TBXT_PTC_C01_GT25-03650_ACCTCTGTNNNNNNNNN-ATGCCTAG_S37_L002	20250702_GT25-RobsonP-125	KOLF2.2J TBXT null by insertion of a premature termination codon with frameshift (PTC+1)	KOLF2.2J	C01	iPSC	Not applicable	Not applicable	Not applicable	KO	JAX_TBXT_Termination_codon	mesoderm
MOK20145P-C09	GT25-03651	MESO-MOK20145P-C09	KOLF2.2J derived knockout cell line, TBXT PTC, differentiated to mesoderm	dx.doi.org/10.17504/protocols.io.bp2l68bmzgqe/v1	MESO	5	days	yes	Not applicable	KO	PTC	TBXT	nor	Watchmaker RNA Library Prep Kit with Polaris™ Depletion of premature termination codon introduction to TBXT in KOLF2.2J derived mesoderm	dx.doi.org/10.17504/protocols.io.e6nvw43mwlmk/v1	480	100	ng	7.78	ng/uL	155.6	ng	0	12	TBXT_PTC_C09_GT25-03651_TGTACCGTNNNNNNNNN-CCTAGAGA_S39_L002	20250702_GT25-RobsonP-125	KOLF2.2J TBXT null by insertion of a premature termination codon with frameshift (PTC+1)	KOLF2.2J	C09	iPSC	Not applicable	Not applicable	Not applicable	KO	JAX_TBXT_Termination_codon	mesoderm
MOK20145P-E06	GT25-03652	MESO-MOK20145P-E06	KOLF2.2J derived knockout cell line, TBXT PTC, differentiated to mesoderm	dx.doi.org/10.17504/protocols.io.bp2l68bmzgqe/v1	MESO	5	days	yes	Not applicable	KO	PTC	TBXT	nor	Watchmaker RNA Library Prep Kit with Polaris™ Depletion of premature termination codon introduction to TBXT in KOLF2.2J derived mesoderm	dx.doi.org/10.17504/protocols.io.e6nvw43mwlmk/v1	508	100	ng	8.34	ng/uL	166.8	ng	0	12	TBXT_PTC_E06_GT25-03652_TGACTGACNNNNNNNNN-CAGAACTG_S28_L002	20250702_GT25-RobsonP-125	KOLF2.2J TBXT null by insertion of a premature termination codon with frameshift (PTC+1)	KOLF2.2J	E06	iPSC	Not applicable	Not applicable	Not applicable	KO	JAX_TBXT_Termination_codon	mesoderm
